,Beer_Rating,Covered,Customer_Rating,Price,Row,Section,Home_Away
0,9.0,0.0,4.0,117.25,1,102,0
1,9.0,0.0,4.0,100.0,10,102,0
2,9.0,0.0,4.0,99.5,11,102,0
3,9.0,0.0,4.0,112.83,12,102,0
4,9.0,0.0,4.0,113.86,2,102,0
5,9.0,0.0,4.0,86.0,3,102,0
8,9.0,0.0,4.0,96.0,6,102,0
9,9.0,0.0,4.0,101.67,7,102,0
10,9.0,0.0,4.0,97.67,8,102,0
11,9.0,0.0,4.0,105.67,9,102,0
13,8.0,0.0,4.0,104.67,10,103,0
14,8.0,0.0,4.0,85.0,11,103,0
15,8.0,0.0,4.0,103.6,14,103,0
16,8.0,0.0,4.0,97.0,18,103,0
17,8.0,0.0,4.0,80.0,19,103,0
19,8.0,0.0,4.0,109.0,20,103,0
20,8.0,0.0,4.0,91.0,21,103,0
26,8.0,0.0,4.0,149.67,37,103,0
28,8.0,0.0,4.0,113.71,5,103,0
29,8.0,0.0,4.0,126.57,6,103,0
30,8.0,0.0,4.0,95.5,7,103,0
31,8.0,0.0,4.0,105.0,8,103,0
32,8.0,0.0,4.0,96.0,9,103,0
36,7.0,0.0,4.0,136.0,11,104,0
37,7.0,0.0,5.0,172.0,15,104,0
43,7.0,0.0,5.0,182.29,6,104,0
44,7.0,0.0,5.0,150.4,9,104,0
46,6.0,0.0,5.0,253.9,1,105,0
69,5.0,0.0,2.0,325.0,23,106,0
70,5.0,0.0,2.0,279.75,24,106,0
74,5.0,0.0,2.0,302.33,37,106,0
80,4.0,0.0,5.0,213.88,2,107,0
81,4.0,0.0,5.0,157.0,3,107,0
82,4.0,0.0,5.0,184.0,4,107,0
87,3.0,0.0,4.0,130.5,11,108,0
88,3.0,0.0,5.0,208.0,12,108,0
89,3.0,0.0,4.0,130.5,13,108,0
90,3.0,0.0,4.0,144.75,17,108,0
91,3.0,0.0,4.0,129.0,18,108,0
98,3.0,0.0,5.0,176.0,8,108,0
99,3.0,0.0,5.0,152.33,9,108,0
100,2.0,0.0,5.0,148.75,1,109,0
101,2.0,0.0,4.0,113.5,11,109,0
102,2.0,0.0,4.0,95.0,13,109,0
103,2.0,0.0,4.0,110.0,16,109,0
104,2.0,0.0,4.0,141.2,2,109,0
105,2.0,0.0,4.0,115.67,20,109,0
108,2.0,0.0,4.0,123.33,3,109,0
110,2.0,0.0,4.0,117.4,4,109,0
111,2.0,0.0,4.0,110.75,5,109,0
112,2.0,0.0,4.0,98.5,6,109,0
113,2.0,0.0,4.0,97.0,8,109,0
115,1.0,0.0,4.0,109.67,2,110,0
116,1.0,0.0,4.0,96.75,3,110,0
117,1.0,0.0,4.0,100.67,4,110,0
119,1.0,0.0,4.0,111.5,2,125,1
120,1.0,0.0,4.0,108.33,3,125,1
121,1.0,0.0,4.0,75.5,4,125,1
122,1.0,0.0,4.0,84.0,7,125,1
123,1.0,0.0,4.0,80.0,8,125,1
125,3.0,0.0,4.0,96.0,12,126,1
126,3.0,0.0,4.0,111.0,14,126,1
129,3.0,0.0,4.0,97.0,21,126,1
130,3.0,0.0,2.0,480.33,25,126,1
131,3.0,0.0,4.0,113.2,3,126,1
133,3.0,0.0,4.0,93.0,33,126,1
134,3.0,0.0,4.0,128.0,38,126,1
135,3.0,0.0,4.0,109.0,7,126,1
139,4.0,0.0,5.0,151.56,10,127,1
142,4.0,0.0,5.0,161.0,13,127,1
143,4.0,0.0,5.0,189.0,14,127,1
144,4.0,0.0,5.0,160.33,15,127,1
145,4.0,0.0,4.0,131.67,16,127,1
146,4.0,0.0,5.0,218.0,17,127,1
147,4.0,0.0,4.0,123.0,21,127,1
148,4.0,0.0,4.0,122.0,22,127,1
149,4.0,0.0,5.0,154.0,23,127,1
150,4.0,0.0,5.0,203.0,24,127,1
151,4.0,0.0,5.0,175.0,3,127,1
152,4.0,0.0,5.0,198.25,7,127,1
153,5.0,0.0,5.0,204.0,1,128,1
154,5.0,0.0,5.0,214.0,2,128,1
158,5.0,0.0,5.0,182.33,5,128,1
171,6.0,0.0,2.0,260.36,3,129,1
174,6.0,0.0,2.0,287.5,37,129,1
175,6.0,0.0,2.0,316.5,4,129,1
181,6.0,0.0,2.0,288.67,6,129,1
182,6.0,0.0,2.0,265.12,7,129,1
189,7.0,0.0,2.0,272.0,4,130,1
193,8.0,0.0,4.0,112.0,10,131,1
194,8.0,0.0,4.0,145.0,11,131,1
195,8.0,0.0,5.0,183.0,12,131,1
196,8.0,0.0,4.0,124.0,14,131,1
197,8.0,0.0,4.0,147.0,15,131,1
198,8.0,0.0,5.0,166.67,16,131,1
199,8.0,0.0,5.0,183.0,18,131,1
200,8.0,0.0,5.0,174.5,19,131,1
201,8.0,0.0,5.0,173.0,20,131,1
202,8.0,0.0,5.0,212.0,21,131,1
203,8.0,0.0,4.0,126.0,22,131,1
204,8.0,0.0,5.0,211.0,23,131,1
205,8.0,0.0,5.0,209.0,24,131,1
206,8.0,0.0,4.0,142.25,25,131,1
207,8.0,0.0,5.0,180.33,26,131,1
208,8.0,0.0,5.0,204.0,27,131,1
210,8.0,0.0,4.0,148.0,8,131,1
213,9.0,0.0,4.0,109.33,11,132,1
214,9.0,0.0,4.0,113.7,12,132,1
216,9.0,0.0,4.0,97.4,15,132,1
221,9.0,0.0,4.0,111.5,29,132,1
222,9.0,0.0,4.0,116.0,3,132,1
226,9.0,0.0,4.0,108.55,4,132,1
227,9.0,0.0,4.0,112.8,5,132,1
228,9.0,0.0,4.0,125.0,6,132,1
233,10.0,0.0,4.0,84.67,1,133,1
235,10.0,0.0,4.0,99.5,11,133,1
236,10.0,0.0,4.0,72.5,12,133,1
237,10.0,0.0,4.0,80.0,13,133,1
238,10.0,0.0,4.0,78.0,14,133,1
241,10.0,0.0,4.0,73.0,20,133,1
242,10.0,0.0,4.0,113.5,21,133,1
243,10.0,0.0,4.0,84.0,22,133,1
246,10.0,0.0,4.0,95.0,30,133,1
247,10.0,0.0,4.0,91.67,31,133,1
248,10.0,0.0,4.0,76.0,32,133,1
249,10.0,0.0,4.0,79.0,33,133,1
250,10.0,0.0,4.0,76.0,34,133,1
257,10.0,0.0,4.0,78.5,10,135,1
258,10.0,0.0,4.0,70.0,11,135,1
259,10.0,0.0,4.0,71.0,13,135,1
260,10.0,0.0,4.0,91.0,14,135,1
261,10.0,0.0,4.0,90.0,16,135,1
262,10.0,0.0,4.0,70.0,17,135,1
264,10.0,0.0,4.0,77.0,20,135,1
265,10.0,0.0,4.0,62.0,24,135,1
266,10.0,0.0,4.0,71.0,25,135,1
267,10.0,0.0,4.0,66.0,26,135,1
268,10.0,0.0,4.0,62.0,27,135,1
270,10.0,0.0,4.0,84.0,7,135,1
271,10.0,0.0,4.0,71.0,9,135,1
272,10.0,0.0,4.0,72.0,10,136,1
273,10.0,0.0,4.0,70.67,11,136,1
274,10.0,0.0,4.0,73.0,12,136,1
275,10.0,0.0,4.0,65.0,13,136,1
277,10.0,0.0,4.0,110.0,15,136,1
278,10.0,0.0,4.0,90.5,16,136,1
279,10.0,0.0,4.0,85.0,17,136,1
280,10.0,0.0,4.0,84.0,18,136,1
283,10.0,0.0,4.0,74.5,23,136,1
284,10.0,0.0,4.0,70.0,24,136,1
285,10.0,0.0,4.0,69.0,25,136,1
286,10.0,0.0,4.0,97.0,5,136,1
287,10.0,0.0,4.0,93.5,6,136,1
288,10.0,0.0,4.0,78.0,7,136,1
289,10.0,0.0,4.0,87.5,8,136,1
290,10.0,0.0,4.0,74.0,9,136,1
292,10.0,0.0,4.0,69.33,10,137,1
293,10.0,0.0,4.0,113.0,13,137,1
294,10.0,0.0,4.0,67.0,17,137,1
295,10.0,0.0,4.0,70.0,19,137,1
296,10.0,0.0,4.0,110.0,2,137,1
297,10.0,0.0,4.0,78.0,20,137,1
298,10.0,0.0,4.0,77.0,21,137,1
299,10.0,0.0,4.0,79.0,22,137,1
300,10.0,0.0,4.0,68.0,26,137,1
301,10.0,0.0,4.0,68.5,28,137,1
302,10.0,0.0,4.0,100.0,3,137,1
303,10.0,0.0,4.0,148.33,4,137,1
304,10.0,0.0,4.0,116.33,5,137,1
305,10.0,0.0,4.0,77.0,7,137,1
306,10.0,0.0,4.0,83.5,8,137,1
307,10.0,0.0,4.0,75.0,9,137,1
311,10.0,0.0,4.0,114.0,12,138,1
312,10.0,0.0,4.0,69.0,15,138,1
313,10.0,0.0,4.0,77.0,16,138,1
315,10.0,0.0,4.0,119.5,2,138,1
317,10.0,0.0,4.0,89.33,4,138,1
318,10.0,0.0,4.0,104.75,5,138,1
320,10.0,0.0,4.0,94.75,7,138,1
321,10.0,0.0,4.0,74.33,8,138,1
326,10.0,0.0,4.0,112.25,2,139,1
333,10.0,0.0,4.0,100.5,3,139,1
334,10.0,0.0,4.0,103.67,4,139,1
335,10.0,0.0,4.0,92.25,5,139,1
336,10.0,0.0,4.0,83.0,7,139,1
337,10.0,0.0,4.0,83.0,8,139,1
339,1.0,0.0,2.0,297.25,13,213,1
353,1.0,0.0,1.0,123.33,2,222,1
354,1.0,0.0,1.0,85.25,1,223,1
355,1.0,0.0,1.0,76.67,2,223,1
357,1.0,0.0,1.0,114.0,2,224,1
358,1.0,0.0,1.0,78.0,3,224,1
359,1.0,0.0,1.0,72.0,5,224,1
360,1.0,0.0,1.0,86.67,6,224,1
361,1.0,0.0,1.0,108.5,8,224,1
362,1.0,0.0,1.0,72.67,9,224,1
364,9.0,1.0,1.0,92.5,10,233,1
376,10.0,1.0,2.0,97.25,11,301,0
377,10.0,1.0,3.0,65.0,12,301,0
388,10.0,1.0,3.0,58.67,28,301,0
390,10.0,1.0,3.0,64.5,32,301,0
396,8.0,1.0,3.0,66.0,21,302,0
397,8.0,1.0,3.0,63.67,22,302,0
411,8.0,1.0,3.0,51.5,35,302,0
413,8.0,1.0,3.0,59.0,37,302,0
414,8.0,1.0,3.0,57.0,38,302,0
415,8.0,1.0,3.0,61.0,39,302,0
416,8.0,1.0,3.0,59.0,40,302,0
420,7.0,1.0,3.0,85.0,20,303,0
422,7.0,1.0,3.0,73.0,28,303,0
425,7.0,1.0,2.0,105.0,32,303,0
427,7.0,1.0,3.0,83.0,34,303,0
428,7.0,1.0,3.0,81.25,35,303,0
430,6.0,1.0,2.0,192.0,1,304,0
432,6.0,1.0,3.0,91.5,18,304,0
433,6.0,1.0,3.0,74.5,19,304,0
435,6.0,1.0,3.0,80.25,21,304,0
439,5.0,1.0,2.0,111.33,22,305,0
443,5.0,1.0,3.0,90.5,35,305,0
445,4.0,1.0,2.0,125.0,23,306,0
448,4.0,1.0,2.0,128.5,27,306,0
449,4.0,1.0,3.0,68.0,33,306,0
450,4.0,1.0,2.0,122.8,34,306,0
452,3.0,1.0,2.0,104.0,17,307,0
453,3.0,1.0,2.0,106.5,20,307,0
457,3.0,1.0,2.0,108.33,26,307,0
460,3.0,1.0,2.0,105.0,36,307,0
464,2.0,1.0,3.0,87.33,19,308,0
468,1.0,1.0,2.0,106.0,16,309,0
469,1.0,1.0,3.0,93.0,18,309,0
470,1.0,1.0,3.0,89.0,19,309,0
472,1.0,1.0,3.0,71.5,21,309,0
473,1.0,1.0,3.0,74.0,28,309,0
477,1.0,1.0,3.0,69.0,32,309,0
480,1.0,1.0,3.0,53.0,21,310,0
481,1.0,1.0,3.0,69.0,22,310,0
482,1.0,1.0,3.0,63.0,23,310,0
483,1.0,1.0,3.0,73.0,24,310,0
485,1.0,1.0,3.0,63.5,26,310,0
486,1.0,1.0,3.0,58.25,27,310,0
487,1.0,1.0,3.0,61.0,28,310,0
491,1.0,1.0,3.0,66.67,32,310,0
492,1.0,1.0,3.0,49.33,33,310,0
493,1.0,1.0,3.0,54.75,35,310,0
494,1.0,1.0,3.0,56.0,36,310,0
496,1.0,1.0,3.0,56.0,38,310,0
497,1.0,1.0,3.0,57.0,39,310,0
499,1.0,1.0,2.0,229.0,1,311,0
503,1.0,1.0,3.0,54.25,27,311,0
504,1.0,1.0,3.0,61.5,29,311,0
506,1.0,1.0,3.0,58.0,32,311,0
507,1.0,1.0,3.0,53.25,33,311,0
510,1.0,1.0,3.0,55.0,37,311,0
514,1.0,1.0,3.0,68.0,10,325,1
515,1.0,1.0,3.0,66.5,11,325,1
516,1.0,1.0,3.0,54.5,12,325,1
517,1.0,1.0,3.0,61.75,16,325,1
518,1.0,1.0,3.0,66.67,23,325,1
519,1.0,1.0,3.0,55.75,26,325,1
521,1.0,1.0,3.0,57.5,30,325,1
522,1.0,1.0,3.0,68.25,33,325,1
524,1.0,1.0,1.0,46.0,37,325,1
529,1.0,1.0,1.0,63.5,45,325,1
530,1.0,1.0,1.0,65.67,46,325,1
531,1.0,1.0,1.0,55.67,47,325,1
532,1.0,1.0,1.0,49.0,48,325,1
533,1.0,1.0,1.0,55.4,49,325,1
535,1.0,1.0,1.0,57.75,50,325,1
536,1.0,1.0,1.0,77.5,51,325,1
537,1.0,1.0,1.0,58.0,52,325,1
539,1.0,1.0,1.0,42.5,55,325,1
540,1.0,1.0,1.0,54.5,56,325,1
541,1.0,1.0,1.0,52.0,57,325,1
542,1.0,1.0,1.0,37.5,58,325,1
543,1.0,1.0,1.0,54.33,60,325,1
544,1.0,1.0,1.0,45.83,62,325,1
548,1.0,1.0,1.0,49.25,66,325,1
553,2.0,1.0,3.0,71.5,15,326,1
554,2.0,1.0,3.0,69.5,16,326,1
555,2.0,1.0,3.0,69.0,17,326,1
556,2.0,1.0,3.0,68.0,18,326,1
557,2.0,1.0,3.0,75.25,19,326,1
558,2.0,1.0,3.0,73.5,20,326,1
559,2.0,1.0,3.0,76.33,21,326,1
561,2.0,1.0,3.0,88.0,23,326,1
563,2.0,1.0,3.0,56.0,25,326,1
564,2.0,1.0,3.0,64.0,27,326,1
565,2.0,1.0,3.0,58.17,28,326,1
567,2.0,1.0,3.0,77.0,30,326,1
568,2.0,1.0,3.0,64.0,31,326,1
569,2.0,1.0,3.0,44.0,32,326,1
570,3.0,1.0,2.0,123.33,14,327,1
571,3.0,1.0,3.0,71.0,32,327,1
573,3.0,1.0,3.0,68.0,35,327,1
574,3.0,1.0,3.0,67.0,36,327,1
575,3.0,1.0,3.0,66.0,37,327,1
576,3.0,1.0,3.0,66.5,38,327,1
577,3.0,1.0,3.0,71.0,39,327,1
578,3.0,1.0,3.0,84.0,4,327,1
580,3.0,1.0,1.0,60.5,46,327,1
581,3.0,1.0,1.0,50.0,48,327,1
582,3.0,1.0,2.0,100.5,5,327,1
583,3.0,1.0,1.0,51.5,50,327,1
584,3.0,1.0,1.0,82.25,51,327,1
585,3.0,1.0,1.0,65.33,52,327,1
587,3.0,1.0,1.0,80.67,54,327,1
588,3.0,1.0,1.0,81.5,55,327,1
589,3.0,1.0,1.0,93.5,56,327,1
590,3.0,1.0,1.0,86.0,57,327,1
594,4.0,1.0,2.0,138.0,11,328,1
595,4.0,1.0,2.0,116.0,12,328,1
596,4.0,1.0,2.0,134.0,13,328,1
599,4.0,1.0,2.0,119.5,16,328,1
600,4.0,1.0,2.0,144.67,17,328,1
601,4.0,1.0,2.0,117.0,18,328,1
602,4.0,1.0,3.0,73.0,27,328,1
603,4.0,1.0,2.0,122.5,28,328,1
604,4.0,1.0,2.0,104.25,42,328,1
605,4.0,1.0,3.0,98.0,46,328,1
606,4.0,1.0,2.0,129.0,7,328,1
607,4.0,1.0,2.0,134.0,8,328,1
608,4.0,1.0,2.0,158.5,9,328,1
609,5.0,1.0,2.0,114.33,43,329,1
610,5.0,1.0,2.0,117.33,44,329,1
611,5.0,1.0,1.0,97.0,46,329,1
612,5.0,1.0,1.0,90.0,47,329,1
613,5.0,1.0,2.0,103.25,48,329,1
614,5.0,1.0,1.0,94.0,49,329,1
619,5.0,1.0,2.0,104.5,52,329,1
621,6.0,1.0,2.0,164.0,10,330,1
625,6.0,1.0,2.0,197.0,15,330,1
630,6.0,1.0,3.0,68.0,25,330,1
631,6.0,1.0,3.0,80.5,36,330,1
634,6.0,1.0,2.0,103.0,43,330,1
636,6.0,1.0,2.0,127.0,46,330,1
637,6.0,1.0,2.0,124.0,47,330,1
638,6.0,1.0,2.0,136.0,7,330,1
640,6.0,1.0,2.0,192.0,9,330,1
641,7.0,1.0,3.0,83.0,2,331,1
642,7.0,1.0,3.0,74.0,24,331,1
643,7.0,1.0,3.0,73.0,29,331,1
645,7.0,1.0,2.0,120.0,33,331,1
646,7.0,1.0,3.0,77.0,34,331,1
647,7.0,1.0,3.0,97.0,35,331,1
648,7.0,1.0,3.0,76.0,36,331,1
649,7.0,1.0,1.0,65.0,37,331,1
650,7.0,1.0,3.0,84.5,38,331,1
651,7.0,1.0,1.0,65.0,39,331,1
653,7.0,1.0,1.0,79.0,45,331,1
659,7.0,1.0,1.0,89.43,49,331,1
661,7.0,1.0,1.0,67.67,50,331,1
667,7.0,1.0,1.0,105.0,61,331,1
668,7.0,1.0,1.0,98.0,62,331,1
669,7.0,1.0,1.0,88.0,63,331,1
670,7.0,1.0,1.0,82.0,64,331,1
671,7.0,1.0,1.0,78.0,65,331,1
672,7.0,1.0,1.0,104.0,66,331,1
673,7.0,1.0,1.0,103.0,67,331,1
675,8.0,1.0,3.0,77.0,11,332,1
676,8.0,1.0,3.0,85.5,12,332,1
677,8.0,1.0,3.0,87.33,13,332,1
678,8.0,1.0,3.0,77.0,14,332,1
679,8.0,1.0,3.0,76.0,15,332,1
680,8.0,1.0,3.0,74.0,16,332,1
681,8.0,1.0,3.0,70.0,17,332,1
682,8.0,1.0,3.0,89.5,18,332,1
683,8.0,1.0,3.0,88.5,19,332,1
684,8.0,1.0,3.0,87.0,20,332,1
685,8.0,1.0,3.0,60.0,22,332,1
686,8.0,1.0,3.0,62.0,23,332,1
687,8.0,1.0,3.0,60.5,24,332,1
688,8.0,1.0,3.0,81.5,25,332,1
689,8.0,1.0,3.0,54.0,27,332,1
690,8.0,1.0,3.0,48.0,28,332,1
694,8.0,1.0,3.0,58.33,31,332,1
695,8.0,1.0,1.0,48.0,32,332,1
697,8.0,1.0,1.0,67.5,37,332,1
698,8.0,1.0,1.0,75.0,39,332,1
699,8.0,1.0,2.0,132.0,41,332,1
700,8.0,1.0,1.0,44.0,43,332,1
701,8.0,1.0,3.0,61.0,5,332,1
702,8.0,1.0,3.0,68.5,6,332,1
722,8.0,1.0,3.0,78.0,7,332,1
723,8.0,1.0,3.0,76.0,8,332,1
727,9.0,1.0,3.0,52.0,12,333,1
728,9.0,1.0,3.0,50.67,13,333,1
729,9.0,1.0,3.0,61.75,14,333,1
730,9.0,1.0,3.0,64.75,15,333,1
737,9.0,1.0,3.0,60.0,22,333,1
743,9.0,1.0,3.0,45.0,29,333,1
744,9.0,1.0,3.0,77.33,3,333,1
745,9.0,1.0,1.0,45.0,30,333,1
746,9.0,1.0,1.0,52.0,32,333,1
749,9.0,1.0,1.0,49.5,46,333,1
750,9.0,1.0,1.0,41.5,47,333,1
751,9.0,1.0,1.0,32.0,48,333,1
752,9.0,1.0,1.0,47.8,49,333,1
754,9.0,1.0,1.0,63.5,50,333,1
755,9.0,1.0,1.0,55.67,53,333,1
756,9.0,1.0,1.0,46.0,57,333,1
757,9.0,1.0,1.0,49.5,58,333,1
759,9.0,1.0,1.0,42.0,62,333,1
763,9.0,1.0,1.0,29.0,67,333,1
764,9.0,1.0,3.0,71.25,7,333,1
6,9.0,0.0,4.0,90.4,4,102,0
7,9.0,0.0,4.0,99.9,5,102,0
12,8.0,0.0,4.0,148.0,1,103,0
18,8.0,0.0,4.0,126.16499999999999,2,103,0
21,8.0,0.0,4.0,112.66499999999999,25,103,0
22,8.0,0.0,4.0,124.0,27,103,0
23,8.0,0.0,4.0,117.41499999999999,3,103,0
24,8.0,0.0,4.0,117.41499999999999,3,103,0
25,8.0,0.0,4.0,148.5,32,103,0
27,8.0,0.0,4.0,104.875,4,103,0
33,7.0,0.0,4.0,198.25,1,104,0
34,7.0,0.0,4.0,159.91500000000002,10,104,0
35,7.0,0.0,4.0,159.91500000000002,10,104,0
38,7.0,0.0,4.0,179.0,2,104,0
39,7.0,0.0,4.0,161.0,3,104,0
40,7.0,0.0,4.0,173.5,4,104,0
41,7.0,0.0,4.0,173.5,4,104,0
42,7.0,0.0,4.0,171.75,5,104,0
47,6.0,0.0,5.0,203.5,2,105,0
48,6.0,0.0,5.0,186.875,3,105,0
49,6.0,0.0,5.0,186.875,3,105,0
50,6.0,0.0,5.0,186.875,3,105,0
51,6.0,0.0,5.0,186.875,3,105,0
52,6.0,0.0,5.0,201.5,4,105,0
53,6.0,0.0,5.0,201.5,4,105,0
54,6.0,0.0,5.0,201.5,4,105,0
55,6.0,0.0,5.0,201.5,4,105,0
56,6.0,0.0,5.0,181.0,6,105,0
57,6.0,0.0,5.0,188.0,7,105,0
58,5.0,0.0,5.0,299.275,1,106,0
59,5.0,0.0,5.0,299.275,1,106,0
60,5.0,0.0,5.0,299.275,1,106,0
61,5.0,0.0,5.0,302.665,10,106,0
62,5.0,0.0,5.0,320.2,12,106,0
63,5.0,0.0,5.0,320.2,12,106,0
64,5.0,0.0,5.0,320.2,12,106,0
65,5.0,0.0,5.0,320.2,12,106,0
66,5.0,0.0,5.0,278.125,13,106,0
67,5.0,0.0,5.0,282.875,2,106,0
68,5.0,0.0,5.0,383.66499999999996,20,106,0
71,5.0,0.0,5.0,394.5,29,106,0
72,5.0,0.0,5.0,268.375,3,106,0
73,5.0,0.0,5.0,307.5,34,106,0
75,5.0,0.0,5.0,250.31,4,106,0
76,5.0,0.0,5.0,245.25,6,106,0
78,4.0,0.0,5.0,243.25,1,107,0
79,4.0,0.0,5.0,243.25,1,107,0
83,4.0,0.0,5.0,194.5,6,107,0
84,4.0,0.0,5.0,193.25,7,107,0
85,3.0,0.0,4.0,200.0,1,108,0
86,3.0,0.0,4.0,180.66500000000002,10,108,0
92,3.0,0.0,4.0,193.125,2,108,0
93,3.0,0.0,4.0,195.5,3,108,0
94,3.0,0.0,4.0,172.33499999999998,4,108,0
95,3.0,0.0,4.0,172.5,5,108,0
96,3.0,0.0,4.0,143.5,6,108,0
97,3.0,0.0,4.0,143.5,6,108,0
106,2.0,0.0,4.0,120.33500000000001,26,109,0
107,2.0,0.0,4.0,97.25,28,109,0
109,2.0,0.0,4.0,148.375,35,109,0
114,1.0,0.0,4.0,109.0,1,110,0
124,3.0,0.0,4.0,110.16499999999999,11,126,1
127,3.0,0.0,4.0,111.83500000000001,15,126,1
128,3.0,0.0,4.0,121.5,2,126,1
132,3.0,0.0,4.0,125.5,31,126,1
136,3.0,0.0,4.0,110.41499999999999,8,126,1
137,3.0,0.0,4.0,110.41499999999999,8,126,1
138,4.0,0.0,4.0,182.375,1,127,1
140,4.0,0.0,4.0,123.0,11,127,1
141,4.0,0.0,4.0,136.25,12,127,1
155,5.0,0.0,5.0,184.625,3,128,1
156,5.0,0.0,5.0,184.625,3,128,1
157,5.0,0.0,5.0,178.25,4,128,1
159,5.0,0.0,5.0,204.33499999999998,6,128,1
160,6.0,0.0,5.0,289.25,1,129,1
161,6.0,0.0,5.0,209.16500000000002,10,129,1
162,6.0,0.0,5.0,345.69,17,129,1
163,6.0,0.0,5.0,345.69,17,129,1
164,6.0,0.0,5.0,345.69,17,129,1
165,6.0,0.0,5.0,345.69,17,129,1
166,6.0,0.0,5.0,288.75,2,129,1
167,6.0,0.0,5.0,288.75,2,129,1
168,6.0,0.0,5.0,288.75,2,129,1
169,6.0,0.0,5.0,288.75,2,129,1
170,6.0,0.0,5.0,337.83500000000004,22,129,1
172,6.0,0.0,5.0,243.33499999999998,35,129,1
173,6.0,0.0,5.0,243.33499999999998,35,129,1
176,6.0,0.0,5.0,257.0,40,129,1
177,6.0,0.0,5.0,241.18,5,129,1
178,6.0,0.0,5.0,241.18,5,129,1
179,6.0,0.0,5.0,241.18,5,129,1
180,6.0,0.0,5.0,241.18,5,129,1
184,7.0,0.0,5.0,199.875,2,130,1
185,7.0,0.0,5.0,199.75,3,130,1
186,7.0,0.0,5.0,199.75,3,130,1
187,7.0,0.0,5.0,199.75,3,130,1
188,7.0,0.0,5.0,199.75,3,130,1
190,7.0,0.0,5.0,184.0,5,130,1
191,7.0,0.0,5.0,198.66500000000002,6,130,1
192,7.0,0.0,5.0,192.33499999999998,7,130,1
209,8.0,0.0,4.0,146.5,30,131,1
211,9.0,0.0,4.0,148.5,1,132,1
212,9.0,0.0,4.0,125.5,10,132,1
215,9.0,0.0,4.0,91.5,14,132,1
217,9.0,0.0,4.0,110.125,16,132,1
218,9.0,0.0,4.0,112.375,2,132,1
219,9.0,0.0,4.0,112.375,2,132,1
220,9.0,0.0,4.0,98.5,28,132,1
223,9.0,0.0,4.0,103.0,32,132,1
224,9.0,0.0,4.0,117.83500000000001,34,132,1
225,9.0,0.0,4.0,146.5,37,132,1
229,9.0,0.0,4.0,117.725,7,132,1
230,9.0,0.0,4.0,117.725,7,132,1
231,9.0,0.0,4.0,135.28,8,132,1
234,10.0,0.0,4.0,92.0,10,133,1
239,10.0,0.0,4.0,125.0,18,133,1
240,10.0,0.0,4.0,80.5,19,133,1
244,10.0,0.0,4.0,76.0,26,133,1
245,10.0,0.0,4.0,73.0,27,133,1
251,10.0,0.0,3.0,146.83499999999998,38,133,1
252,10.0,0.0,4.0,103.875,5,133,1
253,10.0,0.0,4.0,93.5,6,133,1
254,10.0,0.0,4.0,88.715,7,133,1
255,10.0,0.0,4.0,93.25,8,133,1
256,10.0,0.0,4.0,92.375,9,133,1
263,10.0,0.0,3.0,76.75,18,135,1
269,10.0,0.0,3.0,88.0,5,135,1
276,10.0,0.0,3.0,70.5,14,136,1
281,10.0,0.0,3.0,71.5,20,136,1
282,10.0,0.0,3.0,75.0,22,136,1
291,10.0,0.0,3.0,148.0,1,137,1
308,10.0,0.0,3.0,155.16500000000002,1,138,1
309,10.0,0.0,3.0,100.5,10,138,1
310,10.0,0.0,3.0,80.0,11,138,1
314,10.0,0.0,3.0,87.0,17,138,1
316,10.0,0.0,3.0,69.0,28,138,1
319,10.0,0.0,3.0,81.0,6,138,1
323,10.0,0.0,3.0,112.375,1,139,1
324,10.0,0.0,3.0,85.5,10,139,1
325,10.0,0.0,3.0,71.0,19,139,1
327,10.0,0.0,3.0,67.0,21,139,1
328,10.0,0.0,3.0,65.0,23,139,1
329,10.0,0.0,3.0,64.0,24,139,1
330,10.0,0.0,3.0,63.0,25,139,1
331,10.0,0.0,3.0,62.0,27,139,1
332,10.0,0.0,3.0,61.0,28,139,1
338,10.0,0.0,3.0,87.33500000000001,9,139,1
340,1.0,0.0,3.0,61.0,10,215,1
341,1.0,0.0,3.0,67.0,4,215,1
342,1.0,0.0,3.0,70.0,6,215,1
343,1.0,0.0,3.0,64.0,7,215,1
344,1.0,0.0,3.0,63.0,8,215,1
345,1.0,0.0,3.0,68.0,9,215,1
346,1.0,0.0,3.0,66.0,5,220,1
347,1.0,0.0,3.0,115.71000000000001,1,222,1
348,1.0,0.0,3.0,115.71000000000001,1,222,1
349,1.0,0.0,3.0,115.71000000000001,1,222,1
350,1.0,0.0,3.0,115.71000000000001,1,222,1
351,1.0,0.0,3.0,115.71000000000001,1,222,1
352,1.0,0.0,3.0,115.71000000000001,1,222,1
356,1.0,0.0,3.0,143.25,1,224,1
363,9.0,1.0,3.0,117.375,1,233,1
365,9.0,1.0,3.0,117.375,2,233,1
366,9.0,1.0,3.0,146.0,5,233,1
367,9.0,1.0,3.0,113.875,6,233,1
368,9.0,1.0,3.0,136.66500000000002,7,233,1
369,9.0,1.0,3.0,122.875,8,233,1
370,9.0,1.0,3.0,122.875,8,233,1
371,9.0,1.0,3.0,122.875,8,233,1
372,9.0,1.0,3.0,122.875,8,233,1
373,10.0,1.0,3.0,90.0,13,234,1
374,10.0,1.0,3.0,87.0,14,234,1
375,10.0,1.0,3.0,65.0,8,234,1
378,10.0,1.0,3.0,64.55,13,301,0
379,10.0,1.0,3.0,64.55,13,301,0
380,10.0,1.0,3.0,64.55,13,301,0
381,10.0,1.0,3.0,64.55,13,301,0
382,10.0,1.0,3.0,70.875,17,301,0
383,10.0,1.0,3.0,65.375,18,301,0
384,10.0,1.0,3.0,65.375,18,301,0
385,10.0,1.0,3.0,65.375,18,301,0
386,10.0,1.0,3.0,65.375,18,301,0
387,10.0,1.0,3.0,64.75,19,301,0
389,10.0,1.0,2.0,50.0,30,301,0
391,10.0,1.0,2.0,48.375,40,301,0
392,10.0,1.0,3.0,101.625,7,301,0
393,10.0,1.0,3.0,105.75,8,301,0
394,10.0,1.0,3.0,103.125,9,301,0
398,8.0,1.0,3.0,67.25,23,302,0
399,8.0,1.0,3.0,71.5,26,302,0
400,8.0,1.0,3.0,60.5,27,302,0
401,8.0,1.0,3.0,58.835,28,302,0
402,8.0,1.0,3.0,52.0,29,302,0
403,8.0,1.0,3.0,164.965,31,302,0
404,8.0,1.0,3.0,164.965,31,302,0
405,8.0,1.0,2.0,170.25,32,302,0
406,8.0,1.0,2.0,170.25,32,302,0
407,8.0,1.0,3.0,61.835,33,302,0
408,8.0,1.0,2.0,61.835,33,302,0
409,8.0,1.0,3.0,61.75,34,302,0
410,8.0,1.0,2.0,61.75,34,302,0
412,8.0,1.0,2.0,51.5,36,302,0
417,7.0,1.0,3.0,76.375,16,303,0
418,7.0,1.0,3.0,75.375,18,303,0
419,7.0,1.0,3.0,74.375,19,303,0
421,7.0,1.0,3.0,80.5,21,303,0
423,7.0,1.0,3.0,73.16499999999999,29,303,0
424,7.0,1.0,3.0,70.5,31,303,0
426,7.0,1.0,3.0,76.375,33,303,0
431,6.0,1.0,3.0,82.5,17,304,0
434,6.0,1.0,3.0,89.5,20,304,0
436,6.0,1.0,3.0,75.0,35,304,0
438,5.0,1.0,3.0,95.0,19,305,0
440,5.0,1.0,3.0,98.0,24,305,0
441,5.0,1.0,3.0,104.25,25,305,0
442,5.0,1.0,3.0,102.625,26,305,0
444,5.0,1.0,3.0,103.0,36,305,0
446,4.0,1.0,3.0,117.125,24,306,0
447,4.0,1.0,3.0,91.0,26,306,0
451,4.0,1.0,3.0,116.125,35,306,0
454,3.0,1.0,3.0,106.875,22,307,0
455,3.0,1.0,3.0,109.125,24,307,0
456,3.0,1.0,3.0,109.0,25,307,0
458,3.0,1.0,3.0,101.125,27,307,0
459,3.0,1.0,3.0,109.0,35,307,0
461,2.0,1.0,3.0,235.625,1,308,0
462,2.0,1.0,3.0,78.5,16,308,0
463,2.0,1.0,3.0,75.0,18,308,0
465,2.0,1.0,3.0,77.16499999999999,20,308,0
466,2.0,1.0,3.0,85.16499999999999,21,308,0
467,2.0,1.0,3.0,83.5,28,308,0
471,1.0,1.0,3.0,72.5,20,309,0
474,1.0,1.0,3.0,77.0,29,309,0
475,1.0,1.0,3.0,68.5,30,309,0
476,1.0,1.0,3.0,73.25,31,309,0
478,1.0,1.0,2.0,75.0,35,309,0
479,1.0,1.0,2.0,76.5,36,309,0
484,1.0,1.0,3.0,64.375,25,310,0
488,1.0,1.0,2.0,63.94,29,310,0
489,1.0,1.0,2.0,54.5,30,310,0
490,1.0,1.0,2.0,51.165,31,310,0
495,1.0,1.0,2.0,52.0,37,310,0
498,1.0,1.0,2.0,52.0,40,310,0
500,1.0,1.0,3.0,96.75,11,311,0
501,1.0,1.0,3.0,72.75,13,311,0
502,1.0,1.0,3.0,64.83500000000001,14,311,0
505,1.0,1.0,2.0,53.875,31,311,0
508,1.0,1.0,2.0,51.25,34,311,0
509,1.0,1.0,2.0,62.0,36,311,0
511,1.0,1.0,3.0,107.875,6,311,0
512,1.0,1.0,3.0,99.625,9,311,0
513,1.0,1.0,2.0,114.875,1,325,1
520,1.0,1.0,2.0,76.33500000000001,3,325,1
523,1.0,1.0,3.0,52.0,36,325,1
525,1.0,1.0,2.0,69.58500000000001,4,325,1
526,1.0,1.0,2.0,69.58500000000001,4,325,1
527,1.0,1.0,2.0,69.58500000000001,4,325,1
528,1.0,1.0,2.0,69.58500000000001,4,325,1
534,1.0,1.0,2.0,73.75,5,325,1
538,1.0,1.0,3.0,69.125,53,325,1
545,1.0,1.0,3.0,48.165,63,325,1
546,1.0,1.0,3.0,44.9,64,325,1
547,1.0,1.0,3.0,44.9,64,325,1
549,1.0,1.0,2.0,70.25,8,325,1
550,1.0,1.0,2.0,67.0,9,325,1
551,2.0,1.0,3.0,88.625,13,326,1
552,2.0,1.0,3.0,88.625,13,326,1
560,2.0,1.0,3.0,60.0,22,326,1
562,2.0,1.0,3.0,71.5,24,326,1
566,2.0,1.0,3.0,63.0,29,326,1
572,3.0,1.0,3.0,86.83500000000001,33,327,1
579,3.0,1.0,3.0,79.2,45,327,1
586,3.0,1.0,3.0,65.215,53,327,1
591,3.0,1.0,3.0,90.33500000000001,6,327,1
593,4.0,1.0,3.0,135.0,10,328,1
597,4.0,1.0,3.0,116.0,14,328,1
598,4.0,1.0,3.0,124.0,15,328,1
615,5.0,1.0,3.0,101.19,50,329,1
616,5.0,1.0,3.0,101.19,50,329,1
617,5.0,1.0,3.0,101.19,50,329,1
618,5.0,1.0,3.0,101.19,50,329,1
622,6.0,1.0,3.0,122.5,11,330,1
623,6.0,1.0,3.0,132.25,12,330,1
624,6.0,1.0,3.0,132.66500000000002,13,330,1
626,6.0,1.0,3.0,138.0,16,330,1
627,6.0,1.0,3.0,114.0,17,330,1
628,6.0,1.0,3.0,151.0,18,330,1
629,6.0,1.0,3.0,134.25,19,330,1
632,6.0,1.0,3.0,83.0,38,330,1
633,6.0,1.0,3.0,86.75,39,330,1
635,6.0,1.0,3.0,97.625,44,330,1
639,6.0,1.0,3.0,126.25,8,330,1
644,7.0,1.0,3.0,87.0,30,331,1
652,7.0,1.0,3.0,89.33500000000001,4,331,1
654,7.0,1.0,3.0,65.0,46,331,1
655,7.0,1.0,3.0,69.46000000000001,47,331,1
656,7.0,1.0,3.0,69.46000000000001,47,331,1
657,7.0,1.0,3.0,69.46000000000001,47,331,1
658,7.0,1.0,3.0,64.0,48,331,1
660,7.0,1.0,3.0,86.75,5,331,1
662,7.0,1.0,3.0,75.75,51,331,1
663,7.0,1.0,3.0,79.16499999999999,52,331,1
664,7.0,1.0,3.0,84.25,53,331,1
665,7.0,1.0,3.0,84.25,53,331,1
666,7.0,1.0,3.0,81.0,6,331,1
674,8.0,1.0,3.0,109.83500000000001,1,332,1
691,8.0,1.0,3.0,63.665,29,332,1
692,8.0,1.0,3.0,71.41499999999999,30,332,1
693,8.0,1.0,3.0,71.41499999999999,30,332,1
696,8.0,1.0,3.0,78.0,34,332,1
703,8.0,1.0,2.0,51.0,61,332,1
704,8.0,1.0,2.0,51.0,61,332,1
705,8.0,1.0,2.0,51.5,62,332,1
706,8.0,1.0,2.0,51.5,62,332,1
707,8.0,1.0,2.0,51.0,63,332,1
708,8.0,1.0,2.0,51.0,63,332,1
709,8.0,1.0,2.0,51.0,63,332,1
710,8.0,1.0,2.0,51.0,63,332,1
711,8.0,1.0,2.0,51.5,64,332,1
712,8.0,1.0,2.0,51.5,64,332,1
713,8.0,1.0,2.0,51.5,64,332,1
714,8.0,1.0,2.0,51.5,64,332,1
715,8.0,1.0,2.0,50.0,65,332,1
716,8.0,1.0,2.0,50.0,65,332,1
717,8.0,1.0,2.0,50.0,65,332,1
718,8.0,1.0,2.0,50.0,65,332,1
719,8.0,1.0,3.0,51.0,66,332,1
720,8.0,1.0,3.0,46.0,67,332,1
721,8.0,1.0,1.0,46.0,67,332,1
724,9.0,1.0,3.0,101.0,1,333,1
725,9.0,1.0,3.0,65.125,10,333,1
726,9.0,1.0,3.0,61.644999999999996,11,333,1
731,9.0,1.0,3.0,58.75,16,333,1
732,9.0,1.0,3.0,64.25,17,333,1
733,9.0,1.0,3.0,68.375,18,333,1
734,9.0,1.0,3.0,68.25,20,333,1
735,9.0,1.0,3.0,66.625,21,333,1
736,9.0,1.0,3.0,66.625,21,333,1
738,9.0,1.0,3.0,67.8,23,333,1
739,9.0,1.0,3.0,67.8,23,333,1
740,9.0,1.0,3.0,61.44,24,333,1
741,9.0,1.0,3.0,61.44,24,333,1
742,9.0,1.0,3.0,71.5,28,333,1
747,9.0,1.0,3.0,66.4,4,333,1
748,9.0,1.0,2.0,50.2,45,333,1
753,9.0,1.0,3.0,70.5,5,333,1
758,9.0,1.0,2.0,50.5,59,333,1
760,9.0,1.0,2.0,45.5,63,333,1
761,9.0,1.0,2.0,50.4,64,333,1
762,9.0,1.0,2.0,61.125,65,333,1
765,9.0,1.0,3.0,69.5,8,333,1
766,9.0,1.0,3.0,66.4,9,333,1
